﻿{
  "ProviderId": "Microsoft.VisualStudio.ConnectedService.Wcf",
  "Version": "15.0.40203.910",
  "GettingStartedDocument": {
    "Uri": "https://go.microsoft.com/fwlink/?linkid=858517"
  },
  "ExtendedData": {
    "inputs": [
      "https://merchant.prabhupay.com/Api/Utility.svc?wsdl"
    ],
    "collectionTypes": [
      "System.Array",
      "System.Collections.Generic.Dictionary`2"
    ],
    "namespaceMappings": [
      "*, PrabhuPayProdSms"
    ],
    "references": [
      "Microsoft.AspNetCore.Hosting.Abstractions, {Microsoft.AspNetCore.Hosting.Abstractions, 2.2.0}",
      "Microsoft.AspNetCore.Hosting.Server.Abstractions, {Microsoft.AspNetCore.Hosting.Server.Abstractions, 2.2.0}",
      "Microsoft.AspNetCore.Http.Abstractions, {Microsoft.AspNetCore.Http.Abstractions, 2.2.0}",
      "Microsoft.AspNetCore.Http.Features, {Microsoft.AspNetCore.Http.Features, 2.2.0}",
      "Microsoft.Extensions.Configuration.Abstractions, {Microsoft.Extensions.Configuration.Abstractions, 5.0.0}",
      "Microsoft.Extensions.DependencyInjection.Abstractions, {Microsoft.Extensions.DependencyInjection.Abstractions, 2.2.0}",
      "Microsoft.Extensions.FileProviders.Abstractions, {Microsoft.Extensions.FileProviders.Abstractions, 2.2.0}",
      "Microsoft.Extensions.Hosting.Abstractions, {Microsoft.Extensions.Hosting.Abstractions, 2.2.0}",
      "Microsoft.Extensions.Logging.Abstractions, {Microsoft.Extensions.Logging.Abstractions, 2.2.0}",
      "Microsoft.Extensions.Primitives, {Microsoft.Extensions.Primitives, 5.0.0}",
      "RestSharp, {RestSharp, 106.11.7}",
      "System.Buffers, {System.Buffers, 4.5.1}",
      "System.Data.SqlClient, {System.Data.SqlClient, 4.8.2}",
      "System.Memory, {System.Memory, 4.5.4}",
      "System.Numerics.Vectors, {System.Numerics.Vectors, 4.4.0}",
      "System.Runtime.CompilerServices.Unsafe, {System.Runtime.CompilerServices.Unsafe, 5.0.0}",
      "System.ServiceModel.Duplex, {System.ServiceModel.Duplex, 4.4.0}",
      "System.ServiceModel.Http, {System.ServiceModel.Http, 4.4.0}",
      "System.ServiceModel.NetTcp, {System.ServiceModel.NetTcp, 4.4.0}",
      "System.ServiceModel.Primitives, {System.ServiceModel.Primitives, 4.4.0}",
      "System.ServiceModel.Security, {System.ServiceModel.Security, 4.4.0}",
      "System.Text.Encodings.Web, {System.Text.Encodings.Web, 4.5.0}"
    ],
    "targetFramework": "netstandard2.0",
    "typeReuseMode": "All"
  }
}